0,01gm
1,02U1
2,02WA
3,01CD
4,01ol
5,02Ig
6,01R9
7,021B
8,01XE
9,01GO
10,02cD
11,023m
12,01dn
13,012Z
14,023Z
15,01jK
16,02Yt
17,02Vl
18,02DX
19,01za
20,013S
21,01OX
22,01lb
23,029t
24,02lU
25,01U5
26,01jf
27,01Bb
28,02Uw
29,01QZ
30,031e
31,01QN
32,02XE
33,02AX
34,01rH
35,01A2
36,01g7
37,02dt
38,01DK
39,01oV
40,01M9
41,025V
42,02Xn
43,01he
44,01Vg
45,01Tq
46,01mH
47,01RS
48,01RG
49,029A
50,01GX
51,02yJ
52,02go
53,01xn
54,01pE
55,01I6
56,01mt
57,02mV
58,02yI
59,02VF
60,019X
61,01Hi
62,01tO
63,02rt
64,02FK
65,02nL
66,01ia
67,02b8
68,01JZ
69,01Nt
70,01sh
71,02r7
72,02EF
73,02Gn
74,02K8
75,023H
76,01t8
77,02SG
78,02yr
79,01nK
80,01Dc
81,02vA
82,02Is
83,02Zf
84,02Kr
85,026a
86,02uE
87,01R4
88,01ej
89,02IT
90,02fI
91,031q
92,019i
93,026C
94,01sO
95,02ko
96,01WV
97,02aI
98,02d3
99,01FC
100,014J
101,02fP
102,01hk
103,01Q7
104,01dK
105,01wv
106,01Jk
107,02l6
108,01VU
109,01a4
110,02tA
111,02Mn
112,02ew
113,0231
114,01cH
115,015D
116,01yw
117,01by
118,02rJ
119,01Jj
120,02Ny
121,02mI
122,02CD
123,01Os
124,01MD
125,01YR
126,02DU
127,01Wo
128,02Tb
129,01L2
130,027J
131,01LZ
132,0196
133,01bQ
134,02AD
135,01ul
136,023S
137,01An
138,01c2
139,012d
140,01TH
141,02dD
142,032B
143,02ld
144,02Wh
145,02U3
146,01Ss
147,015I
148,02lR
149,01r7
150,01bD
151,02Os
152,02rA
153,02yH
154,02sr
155,01Bt
156,01Ff
157,0176
158,01Xg
159,02Tw
160,01uE
161,01ES
162,02KG
163,02MH
164,01L7
165,02JA
166,02T6
167,01eE
168,02QZ
169,02yD
170,02TM
171,01Ie
172,01NO
173,017W
174,01eJ
175,01E2
176,02dT
177,01uW
178,02js
179,02ML
180,02Nn
181,01NE
182,01zC
183,01lE
184,02Hm
185,02A9
186,02cp
187,01mP
188,015K
189,02hv
190,01pR
191,01RD
192,01xM
193,01UV
194,02rT
195,02h8
196,02JW
197,02XY
198,01lR
199,01Xu
200,01tS
201,02yl
202,01og
203,02jg
204,01VL
205,02xd
206,02Qt
207,02kN
208,01qG
209,01SV
210,02d7
211,018K
212,02mA
213,01CM
214,02ti
215,02Pd
216,02Uy
217,02gv
218,01go
219,0214
220,02r6
221,013r
222,024A
223,01Oc
224,01oI
225,02lX
226,02pv
227,02ZK
228,02xF
229,02xC
230,02qX
231,02PS
232,019r
233,02YL
234,01jQ
235,02Lw
236,02jU
237,01kz
238,01up
239,01Tm
240,02Mk
241,01kc
242,02F5
243,01sx
244,01rv
245,01Xd
246,01De
247,01UT
248,01KT
249,01Es
250,01gH
251,01H5
252,01Qi
253,02G9
254,02US
255,02bo
256,02OZ
257,02nx
258,02zt
259,02FG
260,028c
261,02hl
262,02ey
263,01Jh
264,02EQ
265,01Fh
266,02TW
267,02gc
268,01Xc
269,01Oi
270,023u
271,01Ei
272,02Zk
273,026F
274,01KL
275,01xv
276,01Fx
277,02oe
278,02F6
279,02oY
280,02YA
281,0239
282,01wj
283,02LR
284,024H
285,02Rw
286,02Lm
287,02xO
288,01m5
289,01Ip
290,02wo
291,027r
292,026X
293,01Qb
294,019G
295,02RI
296,017d
297,01Ct
298,01O8
299,01Ao
300,01c8
301,02kH
302,019B
303,01cA
304,01xo
305,01iW
306,02YQ
307,02d8
308,02Ml
309,012V
310,01bt
311,02uo
312,01vW
313,02Rf
314,01jJ
315,01cC
316,01vk
317,02gb
318,01p6
319,01Ix
320,02gZ
321,02kb
322,032w
323,0132
324,01hb
325,02rc
326,01Ko
327,02OB
328,02vY
329,01Ma
330,031A
331,01d2
332,02Ib
333,02fp
334,02Pm
335,01Ou
336,019j
337,01Y5
338,02FP
339,01yB
340,01G7
341,02bd
342,01WL
343,01JI
344,01rF
345,02LI
346,02xH
347,01AY
348,01AR
349,01jW
350,02Bk
351,019E
352,01MG
353,02x8
354,02gA
355,02Mz
356,02pK
357,02zd
358,02cS
359,02h7
360,02sB
361,02Al
362,01Li
363,02nk
364,029l
365,01mQ
366,02m8
367,02v1
368,02ME
369,02WC
370,02fC
371,01NJ
372,02fF
373,02nB
374,0278
375,02EV
376,01Jy
377,02SV
378,027A
379,02jt
380,01tX
381,02qQ
382,01kG
383,02xe
384,017f
385,01SA
386,01tV
387,01rC
388,01Yp
389,02I3
390,02um
391,02Ke
392,02CY
393,02nG
394,02QB
395,02iG
396,01To
397,02wU
398,012D
399,01Oe
400,01yC
401,02YH
402,01fO
403,01l4
404,02KC
405,02Yw
406,01Zt
407,02OS
408,019C
409,01vs
410,01di
411,02YR
412,01m4
413,02zA
414,02oD
415,01op
416,01Sp
417,02iM
418,02xw
419,016B
420,01CE
421,02EU
422,02sM
423,02cW
424,01xr
425,01si
426,01P7
427,02Hk
428,01mY
429,02SC
430,02Vy
431,01fs
432,017p
433,02wE
434,032h
435,02hF
436,01t3
437,01id
438,02hO
439,01dx
440,01as
441,01sC
442,01ri
443,01DO
444,01HZ
445,01br
446,01gL
447,01u6
448,02Rn
449,02sf
450,013R
451,02tG
452,0235
453,01WA
454,032l
455,02ZV
456,02MO
457,02Uz
458,02kD
459,02gw
460,01uo
461,02WP
462,01f3
463,031n
464,02x5
465,01do
466,01Gi
467,02vZ
468,01Gw
469,014V
470,02tO
471,01cD
472,02aL
473,01gG
474,01EP
475,01r2
476,02yY
477,02wm
478,027F
479,027L
480,021l
481,01cq
482,01FJ
483,02wT
484,01HX
485,01bu
486,02MF
487,01BZ
488,02k6
489,02CE
490,01aO
491,01Gb
492,01Zs
493,02xb
494,01oZ
495,02eX
496,02ZJ
497,02ZU
498,014r
499,01Fs
500,02nb
501,01n9
502,01Tz
503,01nq
504,021s
505,02kg
506,01VH
507,02cl
508,02hB
509,025I
510,02mE
511,01Ac
512,01mD
513,02xZ
514,02br
515,01Zl
516,01Y2
517,01ay
518,02Hy
519,027o
520,014K
521,02Eg
522,02E9
523,02Dg
524,02rq
525,025b
526,02Ok
527,026i
528,01aU
529,01dV
530,02lC
531,01lY
532,01uT
533,02Kj
534,02NM
535,02Tq
536,01KU
537,02Ub
538,02wO
539,027x
540,02aV
541,02zN
542,01vI
543,01r4
544,01U2
545,02NP
546,01CY
547,02JU
548,02pS
549,02Y9
550,02uj
551,02mM
552,01MS
553,02NA
554,02G1
555,01vQ
556,02jP
557,01kZ
558,02b9
559,01Dl
560,02cT
561,01sl
562,01Nn
563,02uY
564,0285
565,02ae
566,02HB
567,01yf
568,0192
569,018t
570,01jC
571,01xP
572,01W6
573,01mT
574,02Z8
575,02Em
576,02Ak
577,01aY
578,02zB
579,018S
580,01Rg
581,027v
582,0256
583,02be
584,01Vj
585,01sp
586,01Hz
587,01gl
588,02U6
589,01qW
590,01q9
591,02id
592,02LZ
593,01us
594,01Q3
595,02sI
596,01W4
597,02sd
598,01SQ
599,02Rt
600,02Oj
601,01Gs
602,02RD
603,013L
604,02MV
605,02iB
606,02LC
607,02BC
608,02Yz
609,02SM
610,01WY
611,01Ol
612,01d3
613,01KJ
614,01XW
615,01xt
616,01ZC
617,02am
618,01kR
619,032R
620,02KI
621,01OE
622,02bJ
623,02N1
624,01wu
625,01A6
626,01Xj
627,01JU
628,02K1
629,01Lg
630,02Dc
631,02Bn
632,01uO
633,01em
634,01ve
635,01fU
636,01Io
637,01fw
638,02GC
639,01nw
640,02Td
641,017t
642,02Yv
643,01XJ
644,01ky
645,02vV
646,01jh
647,012A
648,01Ji
649,016i
650,02yN
651,02HA
652,02Z4
653,01oO
654,01WU
655,013Y
656,01GM
657,01KS
658,02gR
659,02My
660,01pu
661,01mK
662,01IE
663,01j6
664,02pF
665,01of
666,018q
667,02nw
668,02ja
669,02ml
670,02fW
671,02Ie
672,02BM
673,02cm
674,01Zn
675,01Cz
676,017D
677,01g6
678,01zE
679,01X6
680,01ja
681,018P
682,01Uh
683,02Jt
684,02nK
685,02BX
686,032b
687,029y
688,02Y4
689,01US
690,02v8
691,01oM
692,01nZ
693,02pQ
694,01jB
695,02r8
696,02mL
697,02MD
698,02Cm
699,02Uc
700,01aq
701,01oJ
702,02qu
703,01Is
704,029R
705,02FB
706,02Gz
707,01lu
708,02KX
709,02Zr
710,02Um
711,01TG
712,01vN
713,02Sa
714,01jt
715,01E3
716,02ei
717,02YE
718,01Zh
719,01Ln
720,026j
721,031Q
722,02SD
723,02i5
724,02xk
725,02VM
726,01aj
727,02za
728,02oj
729,019x
730,01V5
731,01dS
732,02KQ
733,02vj
734,02bc
735,019V
736,024g
737,013i
738,01wU
739,01mJ
740,0247
741,02sV
742,01ez
743,01SD
744,013O
745,01dk
746,01yt
747,02A1
748,02hR
749,023j
750,01uX
751,015z
752,021K
753,01Wj
754,02ZE
755,01zL
756,02bU
757,02yf
758,02l7
759,02o3
760,02Ya
761,01Kx
762,01Ps
763,02aJ
764,01tk
765,01jN
766,02qd
767,01m6
768,01OQ
769,021o
770,018D
771,01sS
772,02Df
773,02La
774,02Y1
775,02BZ
776,01EM
777,01bG
778,02fS
779,01kl
780,021G
781,02DB
782,01M5
783,028G
784,02xo
785,01Mo
786,01dM
787,02UM
788,01A5
789,02wD
790,01vO
791,02y5
792,01Uj
793,01rs
794,02ZW
795,02eE
796,02Vu
797,02ov
798,02Tv
799,01Dp
800,02Ni
801,02Tl
802,01Pk
803,02Q7
804,02VW
805,01FL
806,02ZI
807,01fx
808,02p6
809,02Wk
810,01kA
811,01Wx
812,032N
813,02xs
814,01bY
815,01mc
816,01nE
817,02fi
818,02R1
819,02Xh
820,02KU
821,01Ho
822,02Ye
823,01FV
824,019Y
825,02m9
826,01XZ
827,02OR
828,01Ta
829,0215
830,01Bm
831,01wZ
832,01Vh
833,029k
834,02sA
835,02jE
836,01ML
837,025p
838,02OC
839,02bX
840,01bW
841,02ez
842,01Nh
843,01kQ
844,02ih
845,01e4
846,01UI
847,01At
848,01fv
849,017M
850,02OD
851,02LQ
852,01VN
853,01ok
854,02XI
855,01Pe
856,01tn
857,023E
858,025N
859,01oG
860,01dE
861,02kC
862,02Pj
863,01q6
864,02ca
865,02fY
866,01iD
867,02DP
868,017b
869,02LF
870,02Cy
871,02HT
872,01o5
873,01Vl
874,02MN
875,02dX
876,02GR
877,02MS
878,02h6
879,02St
880,01yp
881,01k9
882,02C5
883,02Zu
884,01mx
885,02Hj
886,01Pt
887,01L9
888,01bn
889,01Tp
890,02Rk
891,01Ub
892,02BK
893,02jn
894,01lG
895,01Nl
896,02EO
897,01TX
898,02yc
899,032c
900,02eR
901,02Xy
902,02Xx
903,01u5
904,02LN
905,01SG
906,01Q4
907,01IJ
908,02sF
909,02FO
910,01iK
911,01OT
912,026y
913,02UB
914,02Ps
915,01FX
916,01LG
917,02WV
918,024b
919,01rh
920,01SM
921,032J
922,02XS
923,02by
924,02rk
925,01kV
926,02rg
927,01Sk
928,02VE
929,014p
930,01Ot
931,01Q8
932,02Gy
933,02Xe
934,02y8
935,02QN
936,02NO
937,01FT
938,02os
939,02qA
940,01Ty
941,02m3
942,02Ed
943,026g
944,02lr
945,02bM
946,01Mh
947,02Xg
948,032o
949,01sM
950,025g
951,02NB
952,0346
953,028d
954,01hT
955,014u
956,02tN
957,02yg
958,02va
959,02Q3
960,01qQ
961,01rP
962,02An
963,02Tu
964,01sT
965,019b
966,02vT
967,01wg
968,01h2
969,01R2
970,02Lg
971,01Ad
972,02lo
973,013E
974,02mS
975,027c
976,02uA
977,01v3
978,01vV
979,01io
980,02hP
981,01Hg
982,01rS
983,01PK
984,02dg
985,02al
986,01a3
987,01iz
988,01yh
989,02iS
990,02D8
991,01iQ
992,02Wq
993,023D
994,01RE
995,02Fe
996,02RB
997,01T9
998,01QL
999,02m5
1000,02WH
1001,02fB
1002,01kf
1003,01Z4
1004,02jy
1005,02kU
1006,01oU
1007,02Uq
1008,01qj
1009,028l
1010,02Ld
1011,02OQ
1012,01g5
1013,01HO
1014,021M
1015,02uS
1016,02sg
1017,029o
1018,02cd
1019,01fz
1020,02vr
1021,0317
1022,01He
1023,01pQ
1024,01Xb
1025,02jH
1026,02XQ
1027,01VC
1028,01dU
1029,01fX
1030,01Tj
1031,02XL
1032,019Z
1033,02qC
1034,01oK
1035,013A
1036,02Yo
1037,01Da
1038,01VG
1039,01QJ
1040,02eF
1041,01yN
1042,031y
1043,02ZM
1044,02Zz
1045,01ON
1046,02OA
1047,01eb
1048,02Pb
1049,01zn
1050,02jF
1051,02XC
1052,032t
1053,02Yp
1054,01be
1055,01Vs
1056,02G4
1057,02Jh
1058,02aK
1059,01wH
1060,031d
1061,01R3
1062,02kW
1063,027H
1064,02lY
1065,02hL
1066,024S
1067,01rT
1068,02a1
1069,02Wg
1070,02jo
1071,02qY
1072,02tr
1073,017I
1074,01Jz
1075,01I8
1076,01xp
1077,01AS
1078,01wC
1079,014w
1080,02vo
1081,01Qa
1082,01vB
1083,02L4
1084,01QT
1085,02I8
1086,02Dn
1087,01So
1088,01sI
1089,02kd
1090,01oz
1091,02IG
1092,023K
1093,02Y5
1094,01Bl
1095,02tW
1096,01bU
1097,018I
1098,02eK
1099,032q
1100,01o9
1101,01ge
1102,02zY
1103,01zJ
1104,02mz
1105,02pa
1106,01fd
1107,017u
1108,02ad
1109,02hN
1110,021W
1111,02GL
1112,01tB
1113,02gq
1114,01fI
1115,013a
1116,021c
1117,02vX
1118,02f7
1119,016U
1120,02aN
1121,02gY
1122,028R
1123,02iQ
1124,02hJ
1125,02Lr
1126,01FH
1127,02zD
1128,02lv
1129,02CN
1130,02Sy
1131,02Sm
1132,02bT
1133,02Ih
1134,01RM
1135,01DR
1136,01g8
1137,02NT
1138,02bL
1139,01rn
1140,01VD
1141,01aG
1142,01tE
1143,0298
1144,018l
1145,01ij
1146,016g
1147,02LU
1148,018H
1149,02Fx
1150,014E
1151,02E3
1152,01bf
1153,013V
1154,029G
1155,017Z
1156,02BH
1157,02pE
1158,032u
1159,01yT
1160,02QS
1161,021X
1162,02n5
1163,01oN
1164,01Qy
1165,02dU
1166,024u
1167,01Cx
1168,01Bo
1169,02M3
1170,01bT
1171,01HB
1172,016D
1173,02pd
1174,01ou
1175,02Nt
1176,01Vr
1177,02CW
1178,01Cq
1179,01v5
1180,02vM
1181,01yR
1182,02Pw
1183,01Kg
1184,02ZG
1185,02Mw
1186,01qx
1187,01jd
1188,01nr
1189,02ve
1190,01sf
1191,01gJ
1192,01sU
1193,02P9
1194,02QD
1195,02jm
1196,01vw
1197,02oW
1198,01PQ
1199,01GW
1200,01IV
1201,02gn
1202,01xG
1203,02uh
1204,01Zc
1205,01d7
1206,02X5
1207,02h4
1208,02XH
1209,01No
1210,01Sv
1211,02vg
1212,02IE
1213,02Ca
1214,01gD
1215,01T8
1216,02Hh
1217,02zQ
1218,01pb
1219,01ga
1220,02zp
1221,01hW
1222,02Gj
1223,01tJ
1224,01HU
1225,02wI
1226,01xI
1227,01WP
1228,02BJ
1229,02EH
1230,01Yy
1231,02yV
1232,01CU
1233,031S
1234,01Pl
1235,01Rk
1236,02He
1237,01JC
1238,01Id
1239,01Mm
1240,026z
1241,01wW
1242,02Bp
1243,01p5
1244,01Be
1245,02do
1246,02Sz
1247,02yK
1248,01CT
1249,01k8
1250,02eW
1251,02TA
1252,01K6
1253,032O
1254,01BE
1255,02u5
1256,02nd
1257,016m
1258,01Lf
1259,02Vt
1260,02rY
1261,01e9
1262,01QU
1263,02B8
1264,02Yl
1265,02aX
1266,023B
1267,01Yf
1268,02Ur
1269,01Ui
1270,01lH
1271,02yC
1272,021j
1273,01tW
1274,02z1
1275,01BK
1276,01LP
1277,01tD
1278,0134
1279,02TO
1280,02tY
1281,02dh
1282,02IV
1283,01ZO
1284,01TM
1285,02To
1286,02u8
1287,031i
1288,02u9
1289,025Y
1290,02zH
1291,01ZG
1292,01JF
1293,02cn
1294,032I
1295,012U
1296,02cg
1297,02RJ
1298,02MJ
1299,01Ej
1300,01mw
1301,02c4
1302,02Sf
1303,01P6
1304,02ke
1305,01dW
1306,02P1
1307,01PW
1308,01Yg
1309,02BP
1310,01IF
1311,02GF
1312,01eq
1313,027i
1314,02xt
1315,02rh
1316,012S
1317,01eW
1318,01vE
1319,01gM
1320,01UX
1321,02Wl
1322,02GI
1323,019O
1324,01Un
1325,02eQ
1326,015V
1327,031w
1328,025C
1329,01B4
1330,01PF
1331,029Q
1332,01pe
1333,016o
1334,02NJ
1335,02Kl
1336,01ar
1337,02Hr
1338,02Uv
1339,01EH
1340,01GL
1341,02oh
1342,02zZ
1343,02OX
1344,01XL
1345,02nZ
1346,02aB
1347,02fs
1348,01Z6
1349,01Lo
1350,01A3
1351,02Wb
1352,026m
1353,028o
1354,02dp
1355,01jc
1356,026q
1357,02j9
1358,018n
1359,01Ox
1360,02bj
1361,01Dq
1362,01GB
1363,02oq
1364,019c
1365,02hb
1366,02KY
1367,02ix
1368,01Qd
1369,01PA
1370,017i
1371,01Dw
1372,01ki
1373,012h
1374,02g4
1375,021S
1376,01nW
1377,02hK
1378,01Mn
1379,01RX
1380,01En
1381,01yD
1382,01PG
1383,02kq
1384,01MU
1385,02ZC
1386,02RT
1387,02jC
1388,02Xq
1389,01FA
1390,01eO
1391,02sL
1392,01mh
1393,01vd
1394,023N
1395,02Jv
1396,02Gw
1397,02Iw
1398,01RF
1399,01Le
1400,029C
1401,02C3
1402,02oT
1403,02qy
1404,02O8
1405,01sY
1406,01j4
1407,01JO
1408,01lq
1409,01MN
1410,01B5
1411,01fG
1412,01FM
1413,016O
1414,02XN
1415,01c4
1416,015p
1417,02s6
1418,01JB
1419,01A9
1420,02qL
1421,02o1
1422,01E9
1423,01kM
1424,01OJ
1425,018C
1426,02HO
1427,02d6
1428,02Rj
1429,01cQ
1430,026c
1431,01iR
1432,01Ve
1433,02Tr
1434,021v
1435,015F
1436,02OF
1437,01IY
1438,01Xq
1439,01hr
1440,023G
1441,01YU
1442,02b7
1443,01ZV
1444,01kY
1445,02rX
1446,02vC
1447,01PM
1448,01Rw
1449,02k7
1450,02tK
1451,02DF
1452,02G8
1453,02Wd
1454,01Yi
1455,02xM
1456,018d
1457,01G2
1458,01UR
1459,01LO
1460,01bJ
1461,02Us
1462,01nS
1463,01Nw
1464,01zo
1465,01yX
1466,02Jb
1467,01zZ
1468,02ol
1469,02YJ
1470,015s
1471,01ap
1472,026D
1473,02gI
1474,02hq
1475,031Y
1476,01Nx
1477,02op
1478,017o
1479,02r3
1480,02vx
1481,01iL
1482,02FJ
1483,02Y7
1484,02U4
1485,02r1
1486,01XB
1487,02jk
1488,02ar
1489,016l
1490,02fQ
1491,01D9
1492,01oq
1493,02HL
1494,02D5
1495,01SC
1496,01fT
1497,02T4
1498,01bm
1499,01HT
1500,01FW
1501,028m
1502,01fA
1503,012L
1504,01JQ
1505,02ni
1506,02Fq
1507,02LW
1508,01Az
1509,02x1
1510,02ox
1511,02JY
1512,01aI
1513,02Qe
1514,01n2
1515,02nf
1516,02aR
1517,01MP
1518,02Mh
1519,02yE
1520,01Xx
1521,02Or
1522,01kr
1523,02p1
1524,02p5
1525,01La
1526,02SK
1527,01xq
1528,028D
1529,02VG
1530,01Gg
1531,02yL
1532,015c
1533,014l
1534,02LP
1535,02et
1536,02p7
1537,017v
1538,02so
1539,02xJ
1540,032m
1541,02Xu
1542,02Ma
1543,012x
1544,01dc
1545,024I
1546,01yV
1547,02dS
1548,02ID
1549,01vb
1550,02uG
1551,02oi
1552,01cL
1553,02KW
1554,02GY
1555,02Tj
1556,02G5
1557,02j6
1558,032F
1559,02ln
1560,01dQ
1561,01xR
1562,016K
1563,02hf
1564,02Pu
1565,028Z
1566,031j
1567,01Z9
1568,01EW
1569,02Ep
1570,015j
1571,0172
1572,01qU
1573,01z6
1574,01zR
1575,01cN
1576,02IU
1577,02mu
1578,02sS
1579,02ne
1580,01z4
1581,02Fn
1582,02EZ
1583,014d
1584,02R4
1585,02Vs
1586,023d
1587,02EM
1588,02FI
1589,02UK
1590,02sG
1591,01Lu
1592,02JN
1593,01pi
1594,02Dm
1595,02n8
1596,016h
1597,01wq
1598,01Xv
1599,02E4
1600,02ev
1601,02Od
1602,01vn
1603,01hH
1604,01Uk
1605,01GN
1606,016f
1607,02DS
1608,01P9
1609,02C9
1610,01az
1611,01Th
1612,01so
1613,021r
1614,01b4
1615,02lG
1616,02x6
1617,01CS
1618,024o
1619,02ta
1620,02LK
1621,02rR
1622,027b
1623,01Um
1624,02iN
1625,01Po
1626,01UA
1627,01o6
1628,02oU
1629,02tU
1630,02Uu
1631,02Dz
1632,02NY
1633,01eY
1634,01Uq
1635,01Vz
1636,02Li
1637,01Ep
1638,02E5
1639,02Nw
1640,01oQ
1641,02dk
1642,01Wb
1643,019q
1644,01N4
1645,01jY
1646,01jq
1647,02vu
1648,01Kk
1649,024N
1650,02Ng
1651,02sq
1652,02Rq
1653,01Ia
1654,01Ca
1655,01ck
1656,01Fq
1657,02fe
1658,02DC
1659,02Xi
1660,02uf
1661,014Z
1662,02j3
1663,029H
1664,02XD
1665,01LF
1666,01Si
1667,02Mx
1668,021q
1669,01Ye
1670,019d
1671,01v2
1672,024D
1673,02la
1674,02QV
1675,02Vx
1676,01wQ
1677,028b
1678,01k4
1679,01MZ
1680,01cS
1681,02Hq
1682,02GN
1683,01ui
1684,0143
1685,01z2
1686,02kc
1687,01Nk
1688,02oX
1689,0136
1690,01aT
1691,01Ju
1692,02Zj
1693,02YM
1694,02Cn
1695,02RK
1696,0213
1697,02OG
1698,023b
1699,01TS
1700,01FG
1701,017X
1702,02U5
1703,02px
1704,02w9
1705,01zO
1706,01rY
1707,02as
1708,01bS
1709,01HS
1710,02MQ
1711,02nE
1712,029h
1713,01LV
1714,01qE
1715,017V
1716,01fL
1717,01tK
1718,02Wy
1719,01Wt
1720,02Xt
1721,02xK
1722,02SN
1723,01Co
1724,02xa
1725,01oL
1726,019g
1727,02Vh
1728,02FY
1729,01kE
1730,02Tk
1731,02tI
1732,01J2
1733,01RO
1734,01Uv
1735,02Pg
1736,02Ck
1737,01mW
1738,02pi
1739,02UP
1740,02qc
1741,02Pz
1742,031P
1743,01js
1744,02CB
1745,01Df
1746,02dv
1747,02PH
1748,01Wu
1749,01rN
1750,012r
1751,02rw
1752,02CP
1753,01Rn
1754,02n1
1755,01uS
1756,01RL
1757,01NG
1758,01wK
1759,01Zo
1760,02aF
1761,02im
1762,02nt
1763,02IK
1764,029d
1765,02yA
1766,02jx
1767,02Co
1768,01Vx
1769,02hp
1770,02yn
1771,01ry
1772,01oD
1773,02vi
1774,02qH
1775,01ud
1776,02Dh
1777,021x
1778,01ZT
1779,01lU
1780,02h1
1781,01Wg
1782,02iw
1783,01Ku
1784,01co
1785,01Lx
1786,01nu
1787,02Sh
1788,02yp
1789,01WK
1790,02r4
1791,01Kq
1792,02bx
1793,01JL
1794,01xN
1795,01Dd
1796,01VZ
1797,02AB
1798,017z
1799,016q
1800,01BA
1801,02Ad
1802,01wa
1803,01on
1804,014W
1805,01ev
1806,02DJ
1807,01D5
1808,02AW
1809,02RO
1810,0295
1811,02eZ
1812,01Ud
1813,01vG
1814,01ZL
1815,02B1
1816,012o
1817,01Xz
1818,01cy
1819,01QM
1820,01Vt
1821,02dm
1822,01ET
1823,02c3
1824,02lD
1825,02ZQ
1826,02vy
1827,029T
1828,02AY
1829,02uQ
1830,013P
1831,01Ws
1832,026J
1833,01vT
1834,02Eu
1835,01mu
1836,02K6
1837,01Yv
1838,01BQ
1839,02a6
1840,012I
1841,02yh
1842,02kA
1843,02aj
1844,01h3
1845,01vH
1846,02Xo
1847,01Hj
1848,01vy
1849,02uW
1850,01hU
1851,01Ex
1852,02vW
1853,01wB
1854,02Ys
1855,02Az
1856,01tv
1857,01Yh
1858,01jg
1859,02gy
1860,02eT
1861,01tZ
1862,01lp
1863,013e
1864,01BW
1865,01wX
1866,0312
1867,02w7
1868,02cB
1869,01jV
1870,02oK
1871,01Hs
1872,0167
1873,02Qw
1874,01YW
1875,02jM
1876,02Je
1877,01T2
1878,031E
1879,02vF
1880,01KD
1881,018B
1882,02Eh
1883,02lk
1884,01Zu
1885,02b3
1886,02Oh
1887,01Ym
1888,01PV
1889,02HQ
1890,0159
1891,01p8
1892,01lr
1893,016u
1894,02eV
1895,01YV
1896,02lb
1897,01K5
1898,012m
1899,02Qx
1900,01Ez
1901,01Ur
1902,02lf
1903,01Pi
1904,02S4
1905,029a
1906,01ix
1907,02PD
1908,02yb
1909,012w
1910,02qG
1911,02aU
1912,01Oo
1913,02gt
1914,015R
1915,01v6
1916,02Wp
1917,017s
1918,02KS
1919,029r
1920,01Ob
1921,01L8
1922,01zv
1923,031D
1924,01Gt
1925,023i
1926,01k5
1927,01eG
1928,01tb
1929,01xz
1930,012p
1931,01fB
1932,02eL
1933,02xL
1934,01an
1935,02o7
1936,01X4
1937,01EC
1938,01rk
1939,02sc
1940,01bx
1941,01I3
1942,01hv
1943,01Zf
1944,01Bz
1945,014t
1946,02k8
1947,02uP
1948,02T5
1949,02EN
1950,01KN
1951,01QC
1952,02Y6
1953,02WZ
1954,01zQ
1955,01Sy
1956,02AH
1957,01sd
1958,01y2
1959,018z
1960,02Iz
1961,01zw
1962,02Vw
1963,018E
1964,02Xj
1965,01kH
1966,02aT
1967,02T3
1968,02Ge
1969,02En
1970,02Gf
1971,028C
1972,01uy
1973,02V5
1974,02Dx
1975,02SQ
1976,02YV
1977,02Fu
1978,02QG
1979,02sJ
1980,01r6
1981,01sV
1982,01Xr
1983,02pI
1984,01qi
1985,02zV
1986,01S9
1987,01Cs
1988,014a
1989,027q
1990,01np
1991,02PE
1992,01DQ
1993,01Fu
1994,01IK
1995,01rl
1996,01C7
1997,02RC
1998,02JE
1999,02Up
2000,01AN
2001,0284
2002,02rs
2003,02H7
2004,01QH
2005,02NF
2006,01Ed
2007,026I
2008,02uN
2009,01QS
2010,02R7
2011,01N2
2012,02kY
2013,01Re
2014,01Zk
2015,02FS
2016,01LI
2017,02YB
2018,014s
2019,02cI
2020,02Gh
2021,02MG
2022,025X
2023,02cZ
2024,025M
2025,012Q
2026,02i1
2027,01nd
2028,01CK
2029,02VH
2030,02uD
2031,02qw
2032,01uQ
2033,02wX
2034,01TA
2035,02y3
2036,01CZ
2037,01wP
2038,01pM
2039,01qP
2040,02e8
2041,01VF
2042,02ct
2043,01vK
2044,02DZ
2045,02QK
2046,01V4
2047,028y
2048,01fc
2049,02ZO
2050,01iu
2051,01cT
2052,013l
2053,02Js
2054,01NB
2055,01iY
2056,01cj
2057,01LY
2058,02OM
2059,02Ao
2060,02vn
2061,01bV
2062,02iX
2063,02hw
2064,025v
2065,02oR
2066,02rV
2067,02Hs
2068,02uq
2069,01YA
2070,01Ww
2071,01Cn
2072,02qF
2073,01Jg
2074,01yu
2075,01OH
2076,029v
2077,01xy
2078,02EW
2079,01pD
2080,02of
2081,02N5
2082,02QA
2083,01Dy
2084,01d5
2085,01BX
2086,02Bb
2087,02wB
2088,01LJ
2089,01sJ
2090,01ub
2091,02dw
2092,01NA
2093,02JZ
2094,02Yj
2095,01er
2096,01fh
2097,02VI
2098,01iX
2099,024C
2100,02dx
2101,02rG
2102,02JS
2103,01Y4
2104,02tz
2105,01qa
2106,02Zd
2107,02RN
2108,02le
2109,01mq
2110,01pL
2111,01c5
2112,02lZ
2113,016n
2114,01Ms
2115,01gr
2116,02Fz
2117,01Fi
2118,031o
2119,018O
2120,01gU
2121,02fr
2122,02sN
2123,01Fd
2124,01aQ
2125,02Pl
2126,01AW
2127,02Ob
2128,012N
2129,02l1
2130,0245
2131,01C8
2132,01lT
2133,01XQ
2134,02Nx
2135,01Z3
2136,01It
2137,01JX
2138,02c1
2139,02E8
2140,01RC
2141,032s
2142,01pX
2143,028Y
2144,02ZA
2145,02yk
2146,032P
2147,01zk
2148,01Fj
2149,01sG
2150,02Nb
2151,02uw
2152,01m7
2153,026P
2154,01mI
2155,032p
2156,02ks
2157,01W9
2158,016X
2159,02MC
2160,01Sg
2161,021Z
2162,01qb
2163,02fJ
2164,02N4
2165,032x
2166,02wk
2167,01FK
2168,01Eh
2169,01Z7
2170,02s9
2171,02Zx
2172,01Hx
2173,02j5
2174,01qK
2175,02vK
2176,02ck
2177,02No
2178,02uV
2179,02hE
2180,02n3
2181,01Yc
2182,02uk
2183,01FR
2184,02b4
2185,032e
2186,023z
2187,01qH
2188,02Kw
2189,02tb
2190,01DX
2191,01DS
2192,012b
2193,01Wm
2194,02Ik
2195,01FB
2196,01fo
2197,01Ti
2198,02a5
2199,024t
2200,01Wy
2201,026t
2202,02ux
2203,01kW
2204,01AH
2205,02Tc
2206,01xA
2207,01K2
2208,01fP
2209,02gu
2210,01hF
2211,02d5
2212,02li
2213,01Ai
2214,02Lj
2215,01BU
2216,02YD
2217,01YP
2218,01Om
2219,01AO
2220,01Zj
2221,01NZ
2222,0281
2223,02b6
2224,02ic
2225,02YO
2226,01lI
2227,02EK
2228,01aM
2229,02dL
2230,02sP
2231,02Rm
2232,02Qq
2233,01IL
2234,02TQ
2235,01KM
2236,02mW
2237,02up
2238,01uH
2239,02eD
2240,02Sn
2241,02ms
2242,01wO
2243,024w
2244,02ht
2245,02Jw
2246,01ek
2247,01jS
2248,02pX
2249,031z
2250,01Mx
2251,02oB
2252,02Xz
2253,02Bs
2254,01Ds
2255,02Do
2256,0217
2257,01ak
2258,02Yd
2259,02bp
2260,02ch
2261,02R5
2262,01ZA
2263,02rj
2264,02YF
2265,02V8
2266,02Vo
2267,01s8
2268,028T
2269,02ui
2270,01wD
2271,02i3
2272,02qo
2273,01la
2274,02iV
2275,01uI
2276,01Yz
2277,019p
2278,02E1
2279,012f
2280,02Iq
2281,02pA
2282,01TV
2283,02sa
2284,017N
2285,01WF
2286,01U6
2287,01KE
2288,01rR
2289,02BL
2290,01vh
2291,02fh
2292,01UO
2293,027a
2294,01Nr
2295,02Yb
2296,02rU
2297,01wy
2298,01XY
2299,02W3
2300,0321
2301,01H4
2302,02gd
2303,032n
2304,01z9
2305,02Ux
2306,02Ju
2307,01uV
2308,02lI
2309,02VO
2310,01s7
2311,02b5
2312,01nv
2313,01gF
2314,02fH
2315,02tx
2316,02b1
2317,0267
2318,01Sd
2319,01Mc
2320,01wA
2321,02jT
2322,01zS
2323,021U
2324,01sR
2325,01a8
2326,02h5
2327,01nN
2328,01iU
2329,02g1
2330,02QT
2331,029x
2332,028r
2333,02f6
2334,01tg
2335,026w
2336,01AK
2337,01Np
2338,01TW
2339,01Nf
2340,01is
2341,01kJ
2342,02nY
2343,02Af
2344,029P
2345,02bR
2346,01qp
2347,02dY
2348,01iV
2349,017B
2350,01Lm
2351,02dQ
2352,01we
2353,02Hv
2354,02fj
2355,02Gv
2356,02aq
2357,02md
2358,01TR
2359,02Mu
2360,02CR
2361,01UL
2362,02eC
2363,01nR
2364,02po
2365,02Zq
2366,01Av
2367,01Ec
2368,02Vg
2369,02LE
2370,01Kn
2371,01Oy
2372,017l
2373,01aP
2374,02Ym
2375,02pN
2376,01GS
2377,01m3
2378,01zT
2379,02fg
2380,02mH
2381,01Sb
2382,01vr
2383,02xQ
2384,02oS
2385,01vp
2386,02iZ
2387,016L
2388,024Y
2389,01vD
2390,02xG
2391,025y
2392,02TB
2393,01uF
2394,01v9
2395,01tq
2396,031X
2397,01pj
2398,02Oc
2399,01Ue
2400,01KV
2401,01CQ
2402,01PJ
2403,032k
2404,01BS
2405,023s
2406,02Bd
2407,01nt
2408,02Vn
2409,02mk
2410,02xR
2411,01gj
2412,02Bz
2413,027p
2414,02DT
2415,02iT
2416,02RS
2417,02Se
2418,02tM
2419,01sn
2420,02eH
2421,02yS
2422,01tc
2423,02Md
2424,0137
2425,02Te
2426,02S3
2427,02oF
2428,02wa
2429,02Hn
2430,01xs
2431,02HX
2432,024q
2433,02H9
2434,02fE
2435,02pq
2436,02kt
2437,02F1
2438,01fN
2439,02XU
2440,01EK
2441,01ti
2442,01nj
2443,0194
2444,01kF
2445,0148
2446,027U
2447,02lM
2448,02G7
2449,02BE
2450,01U8
2451,02AO
2452,01Rr
2453,02Xb
2454,02vf
2455,02DY
2456,02FH
2457,02sk
2458,0128
2459,01XK
2460,01NW
2461,02wG
2462,01Gq
2463,02Iv
2464,01RZ
2465,01oP
2466,01Gr
2467,01ZY
2468,01yM
2469,02rN
2470,02q6
2471,023g
2472,02re
2473,01TC
2474,01ov
2475,01S6
2476,02ai
2477,02dF
2478,0319
2479,01pW
2480,02wM
2481,01Z2
2482,02Pr
2483,02Ug
2484,01Mf
2485,02A6
2486,018L
2487,01ZW
2488,02Pq
2489,01cV
2490,01Dm
2491,01Jc
2492,01t7
2493,027D
2494,02zW
2495,02e4
2496,02D3
2497,01Nj
2498,01iI
2499,01W5
2500,017P
2501,023e
2502,01CA
2503,01fS
2504,028h
2505,01KG
2506,016d
2507,01wb
2508,01E7
2509,018T
2510,01ms
2511,01n7
2512,01cX
2513,02qV
2514,01dl
2515,01l2
2516,01Xi
2517,02oC
2518,01f5
2519,01eL
2520,025r
2521,0249
2522,02zC
2523,01hO
2524,02BR
2525,01UG
2526,015v
2527,01PE
2528,02kZ
2529,01w2
2530,01mz
2531,02z6
2532,01TP
2533,02w4
2534,01mf
2535,015o
2536,0236
2537,02dM
2538,02Ki
2539,02sE
2540,01fu
2541,012z
2542,017k
2543,01Yq
2544,01BY
2545,028s
2546,02eO
2547,02QP
2548,01r8
2549,02sX
2550,02QX
2551,01xW
2552,01FQ
2553,02rm
2554,019T
2555,02Wr
2556,01M3
2557,01Gy
2558,031K
2559,018G
2560,025O
2561,032G
2562,02XK
2563,01wG
2564,01rw
2565,01rb
2566,01qN
2567,01H8
2568,02Yq
2569,01eQ
2570,01M2
2571,02MK
2572,01jI
2573,01yz
2574,02IO
2575,02og
2576,02wJ
2577,015Q
2578,01SK
2579,02xz
2580,01D8
2581,02V9
2582,02P3
2583,01Ro
2584,01hw
2585,02rb
2586,01x8
2587,024M
2588,02tH
2589,029E
2590,01bl
2591,02xm
2592,01XT
2593,01sc
2594,021k
2595,01fg
2596,02Q6
2597,01Qc
2598,02Ac
2599,02Tz
2600,01SB
2601,01Og
2602,01HJ
2603,01Mk
2604,01y8
2605,02tw
2606,02g9
2607,028k
2608,01DI
2609,02YN
2610,0183
2611,02Pt
2612,01ph
2613,01IM
2614,032X
2615,014y
2616,01Ir
2617,02YX
2618,01zY
2619,02I6
2620,01xh
2621,02Ai
2622,02Va
2623,02lL
2624,02qj
2625,02TY
2626,01IU
2627,01t2
2628,02V1
2629,01zU
2630,02rn
2631,01XN
2632,01dC
2633,02We
2634,02tE
2635,02nN
2636,02Nu
2637,02Z1
2638,02zs
2639,025z
2640,02Ho
2641,02rE
2642,01x9
2643,02fo
2644,01GA
2645,01UC
2646,02NQ
2647,017E
2648,01rz
2649,02TZ
2650,02bA
2651,01ai
2652,01dt
2653,02Uf
2654,02bq
2655,02Kc
2656,01jm
2657,028e
2658,01lJ
2659,01cE
2660,01Ev
2661,018u
2662,01S4
2663,014Y
2664,01uw
2665,01hp
2666,02Yy
2667,02HR
2668,01bH
2669,01gY
2670,01MR
2671,01Dk
2672,02q1
2673,01Bf
2674,01Fn
2675,01iB
2676,02YZ
2677,031a
2678,01UF
2679,01JA
2680,01ae
2681,01VO
2682,01Tu
2683,01SO
2684,026G
2685,01zX
2686,02my
2687,01Sj
2688,01PL
2689,01Rl
2690,02lt
2691,01dT
2692,013m
2693,01zl
2694,012n
2695,01Ib
2696,02tV
2697,02RW
2698,02ek
2699,01rW
2700,01OC
2701,02ou
2702,01aF
2703,02WU
2704,02se
2705,01Rf
2706,01qO
2707,0162
2708,02Ra
2709,01w4
2710,02Q5
2711,01aJ
2712,02lS
2713,02tv
2714,01TF
2715,02ga
2716,02Cz
2717,025l
2718,0163
2719,0271
2720,01qX
2721,02mj
2722,02fL
2723,01K7
2724,01XO
2725,02wR
2726,02Cx
2727,02Zo
2728,02vG
2729,019F
2730,01Jo
2731,02zq
2732,01I7
2733,023f
2734,031g
2735,01UZ
2736,01cl
2737,02k1
2738,02hW
2739,02nI
2740,01KY
2741,01CL
2742,018R
2743,01Mj
2744,01ua
2745,01gI
2746,026E
2747,02J5
2748,02nP
2749,01bI
2750,02Hg
2751,02H3
2752,01qR
2753,02zF
2754,01zF
2755,02Ce
2756,01su
2757,01lS
2758,01Dx
2759,01yS
2760,024f
2761,018r
2762,01Zi
2763,02AM
2764,02Lf
2765,01xS
2766,02UY
2767,01Gl
2768,01LR
2769,01zi
2770,02PG
2771,02VB
2772,01NH
2773,031m
2774,025K
2775,02SU
2776,02ce
2777,02vB
2778,02PJ
2779,02SJ
2780,02xp
2781,02yM
2782,01Vy
2783,02c5
2784,02dB
2785,02te
2786,01CJ
2787,01bp
2788,01dR
2789,02uc
2790,01Jm
2791,01S3
2792,02HF
2793,02Qg
2794,02SW
2795,02RM
2796,01G3
2797,01tT
2798,01gC
2799,02EL
2800,02Xw
2801,024Z
2802,01Ag
2803,014L
2804,01Pp
2805,02jX
2806,02Sx
2807,01NC
2808,01jl
2809,02Bv
2810,02S6
2811,01i4
2812,02QI
2813,01ZE
2814,02ny
2815,02BU
2816,01sA
2817,02Fo
2818,02qM
2819,02E7
2820,013Q
2821,02RV
2822,02AP
2823,02IQ
2824,02Ql
2825,01jo
2826,01iH
2827,02g6
2828,016j
2829,01vm
2830,02WS
2831,02Cg
2832,029w
2833,02Mp
2834,01Hu
2835,01P5
2836,01Of
2837,01pO
2838,014T
2839,01cO
2840,02e7
2841,02VU
2842,02Pf
2843,02Dk
2844,01xf
2845,01F8
2846,02bN
2847,01Cu
2848,02RP
2849,01O2
2850,01QP
2851,01ql
2852,02B5
2853,02hY
2854,01Tg
2855,01Eo
2856,02Fd
2857,0243
2858,01VT
2859,02gl
2860,02mf
2861,025j
2862,01hE
2863,01hP
2864,01gp
2865,02I4
2866,02fy
2867,01rZ
2868,01jb
2869,02iE
2870,02KR
2871,019I
2872,013X
2873,02Bj
2874,02Gg
2875,01wn
2876,01sK
2877,026N
2878,02Nh
2879,01Km
2880,01Tr
2881,01ow
2882,01Tf
2883,02xg
2884,02gx
2885,021H
2886,017y
2887,02hA
2888,01nO
2889,028Q
2890,01Ea
2891,01fk
2892,02Zh
2893,02lV
2894,02H1
2895,01hG
2896,02fu
2897,01hc
2898,027X
2899,02kl
2900,01qf
2901,01qD
2902,01I2
2903,02Ix
2904,01p3
2905,013f
2906,01xH
2907,02N7
2908,02tl
2909,01tf
2910,01qJ
2911,02gX
2912,02eY
2913,02wi
2914,01I9
2915,01Cf
2916,013C
2917,01Bg
2918,02UI
2919,02u1
2920,02eh
2921,01ln
2922,026d
2923,02ot
2924,02Tf
2925,02vb
2926,027f
2927,01rc
2928,02cN
2929,02ex
2930,02jz
2931,027N
2932,01YS
2933,01gu
2934,01AB
2935,02JV
2936,02OY
2937,02X9
2938,02ng
2939,02AQ
2940,01AQ
2941,01XM
2942,01uU
2943,01SE
2944,024a
2945,02jG
2946,02C1
2947,01jy
2948,01Gf
2949,02UR
2950,01JN
2951,013H
2952,025F
2953,01Vq
2954,01PY
2955,012v
2956,01s2
2957,01kN
2958,01A4
2959,02PK
2960,01Hn
2961,01qF
2962,01wF
2963,02HY
2964,014B
2965,01f4
2966,01iM
2967,027j
2968,01Ul
2969,01Dz
2970,025H
2971,01ta
2972,01Qr
2973,02Id
2974,02Ct
2975,02k5
2976,02YW
2977,02MZ
2978,01HC
2979,01Kd
2980,015E
2981,01Dr
2982,024m
2983,01wl
2984,02AE
2985,02CT
2986,01DG
2987,019k
2988,018J
2989,02Io
2990,019u
2991,02H5
2992,01mp
2993,02Sq
2994,02YK
2995,015k
2996,02dl
2997,01vZ
2998,02du
2999,02kF
3000,02qe
3001,02G6
3002,028W
3003,02Sr
3004,02k4
3005,01KX
3006,023L
3007,02wZ
3008,02MX
3009,025n
3010,02IJ
3011,01Hl
3012,027y
3013,01fy
3014,02DK
3015,01ba
3016,01DH
3017,02tF
3018,01eH
3019,02cV
3020,02F7
3021,02kO
3022,01lN
3023,02gH
3024,02CU
3025,023a
3026,01gV
3027,01Za
3028,02S7
3029,02IF
3030,01i3
3031,02db
3032,02At
3033,02yX
3034,021C
3035,02IN
3036,0258
3037,01me
3038,02WO
3039,02tQ
3040,019m
3041,01yO
3042,01Qk
3043,02Dp
3044,01nQ
3045,021a
3046,01mN
3047,02de
3048,01CF
3049,01td
3050,018a
3051,02nV
3052,01vi
3053,02Ay
3054,012u
3055,02Hw
3056,01uh
3057,01t4
3058,02no
3059,01yU
3060,01kI
3061,01yZ
3062,02AS
3063,01ZR
3064,02hi
3065,02M8
3066,032Y
3067,026T
3068,01h7
3069,02L8
3070,01Vp
3071,02Nq
3072,02tS
3073,01RK
3074,02DE
3075,01et
3076,01Di
3077,02hI
3078,017e
3079,01jU
3080,01T5
3081,01iq
3082,02PU
3083,02Fl
3084,01Sh
3085,02kp
3086,01e3
3087,01Wv
3088,01uk
3089,012C
3090,02Lo
3091,02oV
3092,01Fg
3093,02Zy
3094,02aE
3095,01Zp
3096,02vq
3097,01Jf
3098,01Fb
3099,012M
3100,02Pi
3101,02jB
3102,01s5
3103,02dP
3104,01ho
3105,01GH
3106,01nG
3107,01eI
3108,01zI
3109,01fq
3110,01SJ
3111,02Rd
3112,01QO
3113,0168
3114,01F4
3115,01BN
3116,02vH
3117,02he
3118,02Q4
3119,01pS
3120,0274
3121,023U
3122,01VS
3123,01fQ
3124,01a5
3125,02iH
3126,023W
3127,01Up
3128,02qZ
3129,01jZ
3130,01UD
3131,024p
3132,01LQ
3133,02cM
3134,01s4
3135,017T
3136,02LA
3137,02CO
3138,01dr
3139,02xP
3140,01kq
3141,02I9
3142,02XZ
3143,02Mg
3144,01dY
3145,01ty
3146,02f3
3147,02l9
3148,01Jp
3149,02NX
3150,018F
3151,01ly
3152,02ws
3153,02Z3
3154,02Ew
3155,02dR
3156,01hz
3157,01je
3158,01hs
3159,027k
3160,02WK
3161,02Vp
3162,02Dy
3163,01ZH
3164,02xA
3165,02E6
3166,014U
3167,02VK
3168,01D7
3169,01bK
3170,017x
3171,01wL
3172,02BN
3173,01eS
3174,02Yf
3175,02hQ
3176,01rJ
3177,02g8
3178,02Rx
3179,021P
3180,01z8
3181,01pr
3182,01WB
3183,01sq
3184,01ew
3185,02GE
3186,01vX
3187,032C
3188,01XC
3189,0197
3190,01ce
3191,01dH
3192,02Lq
3193,01O7
3194,01x2
3195,01CO
3196,01yq
3197,01YB
3198,015O
3199,02ow
3200,01Qx
3201,01ka
3202,01Y6
3203,0186
3204,01G8
3205,02nQ
3206,01te
3207,018x
3208,014H
3209,0289
3210,012q
3211,029z
3212,01EU
3213,01nD
3214,021e
3215,018X
3216,02cQ
3217,02DM
3218,02BT
3219,01Yr
3220,02Yh
3221,01iP
3222,01B7
3223,01nH
3224,01ds
3225,01Qe
3226,02W4
3227,026o
3228,02DG
3229,01Ow
3230,01Na
3231,01L5
3232,013n
3233,02kX
3234,02rQ
3235,01dh
3236,02wq
3237,027P
3238,027s
3239,01rd
3240,028F
3241,02PM
3242,017c
3243,0189
3244,02fv
3245,02AL
3246,01lZ
3247,02Rg
3248,01tH
3249,01On
3250,023I
3251,02Qh
3252,02IL
3253,0241
3254,01BC
3255,02Ko
3256,0179
3257,01Wn
3258,01ZJ
3259,0146
3260,01or
3261,01nL
3262,01ir
3263,02ls
3264,019J
3265,02Pe
3266,02X7
3267,01de
3268,02bI
3269,01TN
3270,024X
3271,01Kp
3272,02Ek
3273,01gK
3274,01K8
3275,02OH
3276,01Pz
3277,01ch
3278,02Vd
3279,02Tt
3280,02dJ
3281,021n
3282,01oe
3283,014c
3284,02Pk
3285,02HS
3286,01v4
3287,02qK
3288,02pw
3289,017q
3290,01hD
3291,02aO
3292,02AC
3293,0187
3294,01Jq
3295,029e
3296,02MU
3297,01Gc
3298,02lz
3299,01OF
3300,01q2
3301,02GO
3302,01DB
3303,02Nk
3304,025R
3305,02Ii
3306,01Sa
3307,01hM
3308,01Dn
3309,02HN
3310,02pB
3311,01Qt
3312,02X8
3313,02c9
3314,01Gx
3315,02Kt
3316,02S5
3317,02P5
3318,02oH
3319,02T8
3320,01Q2
3321,01Xk
3322,02hz
3323,01lQ
3324,01cf
3325,01fl
3326,02Ic
3327,013p
3328,01BJ
3329,01z5
3330,023Y
3331,02bK
3332,01j8
3333,01MQ
3334,02tp
3335,02tf
3336,01FI
3337,02lw
3338,012B
3339,01BH
3340,02Wf
3341,02zr
3342,021p
3343,02TI
3344,01RW
3345,031L
3346,017O
3347,01Lc
3348,01d9
3349,02Uj
3350,02So
3351,02Lp
3352,0147
3353,02Lz
3354,02ju
3355,031J
3356,02Ut
3357,02eU
3358,02UL
3359,01w3
3360,01Pv
3361,01hf
3362,01ME
3363,01IB
3364,02LX
3365,02ru
3366,01Fl
3367,01qu
3368,02Ns
3369,01kw
3370,01L3
3371,02Pv
3372,02Iu
3373,01rm
3374,02a3
3375,02Cr
3376,01IW
3377,01o3
3378,01lF
3379,01Yd
3380,015y
3381,01g4
3382,01ze
3383,01fF
3384,02Rl
3385,02if
3386,02yv
3387,02jJ
3388,02nF
3389,016e
3390,026B
3391,01pP
3392,01mj
3393,01z3
3394,01rD
3395,01RH
3396,031R
3397,025Q
3398,01CV
3399,01Hc
3400,01mA
3401,02Oz
3402,02wL
3403,02nv
3404,01XR
3405,02rL
3406,01UJ
3407,02t1
3408,01CB
3409,01im
3410,02wg
3411,02oN
3412,01JR
3413,02FL
3414,02Dd
3415,01Rq
3416,01Lb
3417,02it
3418,02pc
3419,01ah
3420,02sp
3421,032V
3422,01yK
3423,02zl
3424,02ej
3425,024x
3426,01RY
3427,01zB
3428,015t
3429,01pB
3430,021g
3431,02yT
3432,02f1
3433,018y
3434,01Pq
3435,01b8
3436,02y1
3437,01tr
3438,02WQ
3439,02jN
3440,01XP
3441,019v
3442,0291
3443,02RE
3444,02fG
3445,021L
3446,01Ch
3447,01a7
3448,01Ls
3449,02yQ
3450,01Pm
3451,01Qh
3452,01Rd
3453,02Ts
3454,01XI
3455,01tP
3456,02uI
3457,02uT
3458,01eN
3459,016S
3460,02dq
3461,031f
3462,02cj
3463,02Zv
3464,01XV
3465,01X7
3466,02sl
3467,01Ak
3468,02Sv
3469,01xX
3470,02Ov
3471,02ma
3472,01qd
3473,01lV
3474,01DA
3475,01VR
3476,01dv
3477,02TL
3478,02zb
3479,01Ri
3480,02kn
3481,01Iw
3482,01lo
3483,01my
3484,01Du
3485,01pY
3486,01jz
3487,01zD
3488,02aD
3489,02Yn
3490,01Hw
3491,01Qs
3492,02qS
3493,02nT
3494,01eu
3495,01Yn
3496,01S5
3497,01Dj
3498,02uy
3499,02Bl
3500,02Uk
3501,02rp
3502,01Wi
3503,02WB
3504,02tR
3505,02ri
3506,01xj
3507,01yn
3508,01uA
3509,02CI
3510,01TB
3511,027w
3512,01fb
3513,02x4
3514,0248
3515,015G
3516,02v3
3517,015l
3518,01Vd
3519,032z
3520,01a6
3521,01a9
3522,01pN
3523,028S
3524,01OU
3525,01ZM
3526,02bv
3527,02pe
3528,01LN
3529,02K5
3530,02cF
3531,02hS
3532,02Ku
3533,02Qa
3534,02gP
3535,01H9
3536,017r
3537,026S
3538,01Bx
3539,01RV
3540,02y6
3541,02sn
3542,01SL
3543,01s9
3544,02qh
3545,01Px
3546,02PV
3547,01NI
3548,01bh
3549,02yG
3550,01sF
3551,02Dq
3552,01Qw
3553,012X
3554,014A
3555,013U
3556,01Bk
3557,01Se
3558,01xT
3559,027Z
3560,01Fv
3561,01M4
3562,02HW
3563,02gG
3564,01ke
3565,02Eq
3566,031B
3567,02El
3568,02xI
3569,01uq
3570,02fZ
3571,016I
3572,02uz
3573,02uF
3574,01yY
3575,01Go
3576,02Gu
3577,01Q9
3578,014D
3579,02q5
3580,025Z
3581,02J3
3582,02Aa
3583,02je
3584,01Gv
3585,02sK
3586,02fN
3587,02PO
3588,02Xl
3589,02JK
3590,01VK
3591,023o
3592,02CA
3593,02nW
3594,02Ap
3595,02Qy
3596,02SL
3597,024P
3598,01tL
3599,01sm
3600,01LT
3601,029n
3602,02gk
3603,01gS
3604,02Gp
3605,02Ga
3606,01iJ
3607,02ac
3608,02W5
3609,01KR
3610,01bv
3611,02Ro
3612,02jr
3613,02dz
3614,028N
3615,02uv
3616,026r
3617,01IG
3618,02is
3619,01ID
3620,01rI
3621,02IY
3622,01Sn
3623,01jD
3624,01B2
3625,01iN
3626,02fm
3627,02C6
3628,01Cc
3629,02ud
3630,02KM
3631,026V
3632,02zU
3633,01PR
3634,01Nd
3635,02HE
3636,016Y
3637,026u
3638,02yo
3639,027Y
3640,02Yg
3641,01Ph
3642,02BG
3643,028O
3644,02T9
3645,01l3
3646,01c6
3647,02fV
3648,02Rr
3649,0182
3650,02gj
3651,02Gs
3652,01Pu
3653,01Qp
3654,02OJ
3655,019s
3656,01iG
3657,0124
3658,029b
3659,01no
3660,01fD
3661,01m9
3662,02ph
3663,01Bq
3664,01p9
3665,01Do
3666,02af
3667,01tm
3668,02mw
3669,02Mr
3670,02t9
3671,02jf
3672,029p
3673,02xT
3674,02Z7
3675,01pf
3676,01lB
3677,02Wc
3678,02OI
3679,02mY
3680,01Pa
3681,01Zw
3682,0328
3683,01oH
3684,01JH
3685,02xN
3686,02nM
3687,01Sx
3688,02uU
3689,02FT
3690,01XA
3691,015x
3692,02Rs
3693,02lq
3694,01YM
3695,02LD
3696,02Q8
3697,01fR
3698,031C
3699,01oR
3700,02vI
3701,02Bt
3702,02AN
3703,01Xo
3704,01hm
3705,01vC
3706,026n
3707,02Vc
3708,01f8
3709,02B6
3710,01jP
3711,02ra
3712,02py
3713,025m
3714,023P
3715,02pg
3716,02yi
3717,01J6
3718,01ng
3719,02tB
3720,02rZ
3721,01fi
3722,01vo
3723,01Ni
3724,01cK
3725,015a
3726,018w
3727,014F
3728,01iC
3729,02Cv
3730,02Qb
3731,02w1
3732,02v6
3733,02OT
3734,02j1
3735,01AX
3736,01Nq
3737,01S7
3738,02v7
3739,02GP
3740,02dV
3741,01vl
3742,01px
3743,02JI
3744,01X2
3745,018Y
3746,013s
3747,01OZ
3748,01lh
3749,02EJ
3750,02aQ
3751,02ym
3752,02N8
3753,02UZ
3754,014q
3755,01gk
3756,02LO
3757,01O9
3758,029q
3759,01i2
3760,02w5
3761,02l5
3762,01ZU
3763,01Wl
3764,01kC
3765,02Zi
3766,01Ov
3767,032D
3768,01wd
3769,01Lz
3770,02zc
3771,01kd
3772,01F7
3773,01pH
3774,02B7
3775,01ci
3776,012G
3777,01Uc
3778,01AC
3779,02gp
3780,02aP
3781,02OL
3782,01db
3783,01lw
3784,01Wd
3785,018s
3786,02Q1
3787,01Qg
3788,02sb
3789,02fb
3790,01G9
3791,02UH
3792,014k
3793,01b3
3794,019o
3795,01tY
3796,026Z
3797,015J
3798,014C
3799,01yl
3800,01pC
3801,02It
3802,028a
3803,01DL
3804,019N
3805,02f9
3806,02th
3807,01vg
3808,02ts
3809,031G
3810,02sH
3811,01gR
3812,02wn
3813,02ry
3814,028V
3815,02fl
3816,01S8
3817,02pT
3818,02vO
3819,01pz
3820,01AP
3821,0173
3822,024V
3823,0251
3824,026e
3825,02SH
3826,031t
3827,01Ey
3828,02GH
3829,02ZF
3830,01jk
3831,01jR
3832,02m6
3833,02Ox
3834,02RX
3835,02Ue
3836,01YD
3837,02HD
3838,01JP
3839,02t3
3840,024n
3841,01o4
3842,02cf
3843,01NK
3844,014x
3845,01XS
3846,026U
3847,026b
3848,01DV
3849,02sy
3850,01JT
3851,01QD
3852,02QC
3853,01TZ
3854,01TU
3855,02qi
3856,02gK
3857,013B
3858,02QU
3859,023Q
3860,02R8
3861,01cm
3862,02ka
3863,01N5
3864,02lB
3865,01lm
3866,013o
3867,032T
3868,02x9
3869,025i
3870,01zV
3871,01AL
3872,024W
3873,01sN
3874,01q5
3875,02WD
3876,02c7
3877,01Xh
3878,02WJ
3879,02p4
3880,02UA
3881,01cp
3882,02xV
3883,02sh
3884,02AJ
3885,019e
3886,01eU
3887,02VS
3888,02qN
3889,02On
3890,02AI
3891,01C4
3892,02FV
3893,02NI
3894,01eA
3895,01bN
3896,02pU
3897,02O7
3898,01u3
3899,02Hd
3900,02i9
3901,01f9
3902,02Mo
3903,01GR
3904,01zx
3905,01f2
3906,01CX
3907,026k
3908,02eg
3909,01uv
3910,01Ok
3911,02Fy
3912,01JD
3913,021O
3914,02ef
3915,02qO
3916,02Gd
3917,028M
3918,01eX
3919,026A
3920,02iP
3921,02IR
3922,01Vf
3923,025t
3924,028w
3925,02xS
3926,02Zg
3927,01df
3928,01Aa
3929,02jq
3930,026W
3931,0195
3932,02GA
3933,01wY
3934,01PN
3935,01WT
3936,02hm
3937,01fK
3938,01NP
3939,02vR
3940,02w8
3941,02Mf
3942,01m8
3943,01kB
3944,01Gz
3945,01iv
3946,024i
3947,01fJ
3948,01rO
3949,01p4
3950,01JW
3951,02PY
3952,01Gd
3953,01ad
3954,01cJ
3955,02mg
3956,02qJ
3957,02bO
3958,02FR
3959,01lC
3960,01y6
3961,027t
3962,01CI
3963,01qA
3964,028n
3965,01w6
3966,01oi
3967,02Wv
3968,02EX
3969,01Fe
3970,01mR
3971,02Dt
3972,01qm
3973,01jE
3974,01SZ
3975,02hy
3976,032L
3977,01sL
3978,01G4
3979,02Ui
3980,025P
3981,01N6
3982,017h
3983,01ic
3984,02Ab
3985,02P6
3986,01nC
3987,01Lr
3988,02DV
3989,01eF
3990,01cB
3991,01TO
3992,02K7
3993,016s
3994,013u
3995,01gQ
3996,02bY
3997,019M
3998,018c
3999,01Eu
4000,017Q
4001,02Rc
4002,01nM
4003,01zq
4004,01NL
4005,02or
4006,01LE
4007,02eo
4008,02v4
4009,01DJ
4010,01u7
4011,028I
4012,01Uy
4013,01D6
4014,016p
4015,02KT
4016,02SR
4017,012O
4018,02jR
4019,02IH
4020,016t
4021,018M
4022,02JX
4023,01H2
4024,01PB
4025,02Fv
4026,02Dv
4027,02cz
4028,026R
4029,01Jl
4030,01ni
4031,0316
4032,02JT
4033,01xQ
4034,02zT
4035,02fc
4036,02kw
4037,012t
4038,02fR
4039,01xm
4040,012i
4041,02Pa
4042,02iY
4043,02Jy
4044,01DP
4045,02mc
4046,02D1
4047,018h
4048,02F3
4049,02jv
4050,02UW
4051,02lh
4052,01pd
4053,012e
4054,01Hf
4055,01RA
4056,02eS
4057,0185
4058,019z
4059,02qI
4060,02UC
4061,02Xr
4062,02GQ
4063,02Cu
4064,01ue
4065,01NQ
4066,02F9
4067,01da
4068,026s
4069,02Ve
4070,02Le
4071,031r
4072,023h
4073,01Je
4074,02sm
4075,02Tg
4076,02s3
4077,029X
4078,01J8
4079,02K4
4080,02Nj
4081,02IM
4082,01gN
4083,02Ah
4084,02jc
4085,02wH
4086,01il
4087,023A
4088,01qL
4089,01aE
4090,02cw
4091,01OA
4092,02ZL
4093,02qT
4094,01Ua
4095,01Ns
4096,01sv
4097,01YT
4098,02rx
4099,01dm
4100,01zg
4101,01tR
4102,02FX
4103,019n
4104,02gi
4105,01QW
4106,01Xf
4107,02Jk
4108,01dN
4109,01v8
4110,01ug
4111,01I5
4112,027g
4113,01kg
4114,02gr
4115,015g
4116,01W3
4117,02r9
4118,02FQ
4119,0349
4120,02ZR
4121,031v
4122,01Gk
4123,023v
4124,01mi
4125,01Xw
4126,02sR
4127,01OG
4128,01u9
4129,026Y
4130,02hZ
4131,02yP
4132,014h
4133,02gS
4134,01lO
4135,02Zt
4136,01lx
4137,01jA
4138,01lj
4139,02SF
4140,01WD
4141,02XV
4142,01Qo
4143,02jQ
4144,016H
4145,02OV
4146,012R
4147,019A
4148,01Et
4149,01jx
4150,021I
4151,02vh
4152,012j
4153,02iO
4154,01JV
4155,02Hp
4156,01tl
4157,02bE
4158,02ET
4159,02nm
4160,0279
4161,02Kq
4162,02lj
4163,02XM
4164,01Od
4165,02EG
4166,01tj
4167,01kS
4168,02kM
4169,012a
4170,01iA
4171,02Dj
4172,019K
4173,01uB
4174,01cR
4175,02Oa
4176,01BO
4177,013j
4178,01WC
4179,031F
4180,01DE
4181,02ok
4182,01DU
4183,01hi
4184,02z3
4185,01Eg
4186,01N3
4187,02CX
4188,01h6
4189,01Fm
4190,02Zm
4191,01ma
4192,02bs
4193,01xg
4194,01j7
4195,01DC
4196,02Xa
4197,02wy
4198,02pZ
4199,02Sl
4200,02QY
4201,02Xs
4202,013c
4203,0347
4204,02uR
4205,02na
4206,02eB
4207,02D6
4208,01UH
4209,01rK
4210,01UQ
4211,02Ef
4212,01GQ
4213,01Ga
4214,0158
4215,01qw
4216,02g5
4217,01uC
4218,02ak
4219,01vF
4220,01zc
4221,01hV
4222,02qn
4223,02Cp
4224,02tm
4225,01Qf
4226,02AK
4227,01ZF
4228,01V8
4229,01pZ
4230,01Sz
4231,02s7
4232,02bZ
4233,02TN
4234,02cG
4235,02xq
4236,02mq
4237,01vc
4238,015q
4239,02u7
4240,02td
4241,01KA
4242,02d1
4243,02Wi
4244,02zS
4245,01EF
4246,01jF
4247,01ac
4248,02d9
4249,01Ig
4250,026p
4251,02aZ
4252,02Rb
4253,02o5
4254,01xC
4255,02ZT
4256,01oE
4257,02B3
4258,01zt
4259,01Kw
4260,01Ap
4261,02gL
4262,013K
4263,01cd
4264,02W6
4265,02sW
4266,01Ah
4267,01Rm
4268,02I5
4269,02aW
4270,01j9
4271,01vt
4272,01wk
4273,02wd
4274,01AT
4275,02mt
4276,012F
4277,018k
4278,02rO
4279,01kn
4280,01KZ
4281,01Yo
4282,017H
4283,01vP
4284,017K
4285,0142
4286,02xX
4287,014f
4288,01ct
4289,01U4
4290,02vS
4291,02Fg
4292,02ay
4293,028u
4294,01wS
4295,01WX
4296,01Qm
4297,01Fp
4298,02OP
4299,01bg
4300,02Jq
4301,0293
4302,01d6
4303,02kP
4304,01gy
4305,01CH
4306,02W8
4307,02WN
4308,01B3
4309,01mr
4310,02wh
4311,02au
4312,01Ny
4313,01Mp
4314,02y9
4315,015N
4316,02bH
4317,0149
4318,02Un
4319,02Ia
4320,02X6
4321,02Pn
4322,02cq
4323,01Jt
4324,02kr
4325,02uC
4326,01e5
4327,02IP
4328,01Hk
4329,01rt
4330,02DW
4331,01b9
4332,02CJ
4333,02cR
4334,02iF
4335,02ep
4336,01aL
4337,02xv
4338,02Kz
4339,01Ki
4340,02gm
4341,02wz
4342,02NC
4343,02Wn
4344,02dE
4345,01xe
4346,01X8
4347,02kx
4348,01bz
4349,01nT
4350,01Kz
4351,01UM
4352,02Sd
4353,029N
4354,023C
4355,01bO
4356,024d
4357,01AI
4358,02dH
4359,02L3
4360,01AJ
4361,01RU
4362,02QE
4363,02Vk
4364,01gc
4365,01oY
4366,01mb
4367,025T
4368,01Ry
4369,02TV
4370,01tN
4371,027O
4372,02pf
4373,01i5
4374,02iW
4375,01Pc
4376,02xU
4377,01l6
4378,02Gx
4379,01kj
4380,01yr
4381,02TJ
4382,01ZN
4383,02Ht
4384,02iC
4385,01cr
4386,02bD
4387,01e8
4388,01Ly
4389,01Bu
4390,01IZ
4391,01CR
4392,01tI
4393,02az
4394,01gZ
4395,02QO
4396,01LW
4397,01Tv
4398,02tJ
4399,02tZ
4400,01XU
4401,01rV
4402,01f6
4403,02rH
4404,01Ew
4405,02HI
4406,027u
4407,017F
4408,01vf
4409,01ZK
4410,02V3
4411,01qo
4412,02TH
4413,01qB
4414,024Q
4415,02As
4416,02QR
4417,02rC
4418,01Yt
4419,02iD
4420,02YI
4421,01zG
4422,01AD
4423,028p
4424,012y
4425,01zj
4426,01lt
4427,02zM
4428,02FN
4429,01lz
4430,01VB
4431,02Ph
4432,02Am
4433,02vU
4434,01Dv
4435,02A4
4436,01cn
4437,01Rp
4438,01z7
4439,02Gr
4440,01Fo
4441,02Of
4442,02EB
4443,01Td
4444,01AZ
4445,02Wa
4446,02Sg
4447,01GY
4448,02IW
4449,031M
4450,01Iu
4451,02rv
4452,01hj
4453,0268
4454,02kB
4455,02dr
4456,01R8
4457,01rX
4458,02Be
4459,015n
4460,02ty
4461,01f7
4462,01ut
4463,01i8
4464,01LD
4465,02mN
4466,02ag
4467,01Au
4468,01ex
4469,01KW
4470,01qn
4471,01aK
4472,01kt
4473,02tD
4474,01Ab
4475,02lu
4476,013I
4477,02eb
4478,02jK
4479,01Vk
4480,02Oe
4481,01DF
4482,02O1
4483,01Aj
4484,01ED
4485,01R7
4486,016Q
4487,01Nb
4488,02Ka
4489,02pr
4490,01Br
4491,031s
4492,02wt
4493,02Es
4494,01A7
4495,02Ji
4496,01ht
4497,02jb
4498,02yz
4499,02DQ
4500,02TR
4501,02dW
4502,01QY
4503,0153
4504,0287
4505,02HZ
4506,01lW
4507,02tq
4508,01w7
4509,02dI
4510,02vd
4511,02qD
4512,01SX
4513,01gx
4514,02ao
4515,01pT
4516,02vw
4517,02bG
4518,02Sb
4519,02pu
4520,02NS
4521,02Er
4522,01gv
4523,01lK
4524,01EQ
4525,01y5
4526,02kS
4527,01WR
4528,02Mv
4529,0157
4530,01St
4531,02C4
4532,02np
4533,02zy
4534,02Kp
4535,01Zv
4536,01Cj
4537,02D9
4538,02FA
4539,02OW
4540,021y
4541,01fC
4542,02Ec
4543,01r5
4544,01ux
4545,01Rx
4546,02c8
4547,01eh
4548,02pb
4549,02eN
4550,01LS
4551,02Lv
4552,029j
4553,01Nv
4554,01Iy
4555,01Wz
4556,02xy
4557,01F9
4558,01Ks
4559,01af
4560,01ku
4561,01M6
4562,0329
4563,02zi
4564,01EA
4565,01Ci
4566,02gV
4567,01RT
4568,01li
4569,02Ti
4570,02qU
4571,01Ze
4572,02Ae
4573,0348
4574,014P
4575,02X4
4576,01av
4577,02t5
4578,01bj
4579,02fw
4580,02KZ
4581,0126
4582,02fq
4583,02Dw
4584,02kQ
4585,012g
4586,02HU
4587,02p8
4588,01Ja
4589,02WL
4590,02rS
4591,01Me
4592,02S9
4593,02lO
4594,01QI
4595,02Oo
4596,02O5
4597,01Yu
4598,01VI
4599,02EY
4600,01UW
4601,01TL
4602,02ue
4603,01cF
4604,013J
4605,01HK
4606,02Qp
4607,02Re
4608,01Vo
4609,02fA
4610,01oC
4611,02pj
4612,01wh
4613,02Ey
4614,02Kg
4615,02bt
4616,01Iq
4617,01hy
4618,01jn
4619,02mr
4620,02cC
4621,02pV
4622,02i4
4623,01ym
4624,027R
4625,031p
4626,021t
4627,02hr
4628,028z
4629,02Ua
4630,01In
4631,02Sj
4632,01pq
4633,02z9
4634,025u
4635,02aC
4636,02C8
4637,01Ht
4638,01Cm
4639,013x
4640,01OI
4641,02NL
4642,02ZH
4643,01nh
4644,02mX
4645,02Fs
4646,01yE
4647,02Km
4648,01We
4649,01xZ
4650,01C6
4651,02DI
4652,01Ke
4653,012H
4654,016c
4655,01es
4656,02oI
4657,01mX
4658,01O5
4659,018e
4660,02ye
4661,02Ej
4662,02xW
4663,019t
4664,02J6
4665,02FW
4666,01oh
4667,02D7
4668,01N8
4669,02nh
4670,01GJ
4671,02pO
4672,01G5
4673,01r3
4674,01GP
4675,01Ug
4676,018W
4677,02F4
4678,01VJ
4679,02ax
4680,02Ch
4681,02oZ
4682,01Pw
4683,02r5
4684,01UB
4685,014X
4686,02GK
4687,01H3
4688,01zh
4689,01xK
4690,01OK
4691,02Ba
4692,02IZ
4693,01P8
4694,01GU
4695,02V7
4696,02Ja
4697,01dw
4698,02Wo
4699,01pJ
4700,02tX
4701,01hd
4702,01Uz
4703,02jV
4704,01Ar
4705,02Cw
4706,02Wx
4707,02ha
4708,02q8
4709,019W
4710,02Hl
4711,01QV
4712,01Pj
4713,01Sc
4714,015Z
4715,01x5
4716,01dO
4717,02l4
4718,0127
4719,02hT
4720,02M4
4721,029F
4722,02R9
4723,02vE
4724,01HI
4725,01xF
4726,02hu
4727,028U
4728,02Yk
4729,015h
4730,02mp
4731,02cr
4732,02Au
4733,02ZY
4734,015P
4735,01Jb
4736,01fe
4737,02Il
4738,02d4
4739,02mD
4740,02F8
4741,02rK
4742,01gP
4743,02NG
4744,013v
4745,014b
4746,01qc
4747,02QL
4748,01JK
4749,01Mg
4750,02Sp
4751,02RU
4752,02ND
4753,01ea
4754,01b6
4755,01tF
4756,02mh
4757,01F5
4758,01vS
4759,02GS
4760,02ua
4761,02cY
4762,02NK
4763,017U
4764,029J
4765,02Qz
4766,01P3
4767,023O
4768,01jv
4769,01Nm
4770,02PF
4771,02Bx
4772,02ZP
4773,02Di
4774,01OS
4775,02OU
4776,01mo
4777,025o
4778,02Na
4779,01wz
4780,01vU
4781,01tz
4782,01kx
4783,02gF
4784,01dB
4785,01yi
4786,02gE
4787,032S
4788,01py
4789,01VY
4790,01lL
4791,01kX
4792,0315
4793,01oS
4794,02M9
4795,02bi
4796,01Op
4797,02TE
4798,0169
4799,02ub
4800,02ql
4801,02Pc
4802,029O
4803,02Ev
4804,02jI
4805,01QR
4806,02Aq
4807,02lQ
4808,01Cr
4809,01Qu
4810,0275
4811,02zk
4812,01IQ
4813,02zJ
4814,01AU
4815,02BF
4816,01lX
4817,014v
4818,02g7
4819,02Qv
4820,02KF
4821,02us
4822,016z
4823,01bB
4824,02AZ
4825,01mg
4826,02at
4827,01kT
4828,02wN
4829,027W
4830,01Qn
4831,02iu
4832,01lg
4833,01eo
4834,0152
4835,01pU
4836,027l
4837,02VZ
4838,02cK
4839,01pA
4840,01wM
4841,025D
4842,01g2
4843,02Im
4844,01sD
4845,01ER
4846,02GM
4847,02Cc
4848,02G3
4849,01Mb
4850,02MA
4851,02jl
4852,01iE
4853,02mT
4854,01eP
4855,01Fr
4856,02Uh
4857,02ZS
4858,01WO
4859,018o
4860,02pM
4861,021i
4862,02e9
4863,01ys
4864,02eA
4865,01I4
4866,02Iy
4867,02in
4868,024R
4869,02Px
4870,02Ou
4871,01sa
4872,01Uf
4873,029S
4874,01jM
4875,01oA
4876,02RQ
4877,02ZX
4878,01qT
4879,01W2
4880,01Xn
4881,01e6
4882,0265
4883,01Lp
4884,021m
4885,02zu
4886,0123
4887,013y
4888,02I7
4889,01eR
4890,01DY
4891,02vz
4892,02Gq
4893,02Z6
4894,01Y3
4895,01NY
4896,02ZN
4897,01kO
4898,02vt
4899,02Lk
4900,02dn
4901,01al
4902,02CH
4903,02lW
4904,021Y
4905,02p3
4906,01yQ
4907,02tj
4908,02ES
4909,01Eb
4910,031k
4911,01KF
4912,02aS
4913,01i7
4914,02XB
4915,0184
4916,01rE
4917,01qy
4918,02bg
4919,02L6
4920,02qW
4921,01cb
4922,02tC
4923,0198
4924,01n3
4925,01N9
4926,02MT
4927,02IS
4928,02gM
4929,02iA
4930,02bV
4931,01BT
4932,01uj
4933,012W
4934,01aW
4935,01pl
4936,02mG
4937,019L
4938,02aw
4939,01AG
4940,02uM
4941,02ut
4942,01mn
4943,01Hr
4944,02cy
4945,012l
4946,02Cf
4947,01gf
4948,02xi
4949,01kU
4950,01cz
4951,024h
4952,02QH
4953,01pG
4954,01LA
4955,02ij
4956,02Yc
4957,01od
4958,02ob
4959,01Fz
4960,02t7
4961,01Ay
4962,024B
4963,01Tt
4964,02Vf
4965,01HF
4966,01Y8
4967,02hU
4968,02Ru
4969,01sW
4970,02eM
4971,01UK
4972,024F
4973,02Dl
4974,02AU
4975,01Cv
4976,01mk
4977,01gq
4978,02dc
4979,02wY
4980,02qp
4981,01MF
4982,02Ez
4983,01wm
4984,01yG
4985,02jY
4986,02A7
4987,01J9
4988,02KA
4989,02VJ
4990,02GX
4991,02IC
4992,01QK
4993,01fa
4994,012s
4995,01sB
4996,01Vw
4997,023x
4998,02xh
4999,01bE
5000,02ia
5001,01K4
5002,01YJ
5003,01sQ
5004,02vN
5005,02sZ
5006,02jp
5007,01Ql
5008,02Om
5009,01IA
5010,01SU
5011,02HG
5012,028i
5013,02VL
5014,01Ic
5015,01MY
5016,01Ml
5017,02pm
5018,02mZ
5019,02Fw
5020,02Lt
5021,02QM
5022,01e7
5023,01qh
5024,01P4
5025,02me
5026,02Qs
5027,01HQ
5028,01RB
5029,01uL
5030,01iT
5031,01mU
5032,02cv
5033,014Q
5034,02LB
5035,01h9
5036,02Gk
5037,01oj
5038,01Xp
5039,01gB
5040,01b2
5041,01aR
5042,026O
5043,02CZ
5044,02rl
5045,01en
5046,01at
5047,025x
5048,024K
5049,01qM
5050,02j8
5051,02SI
5052,02Ll
5053,02u3
5054,01Yb
5055,02Ze
5056,016W
5057,02VY
5058,01MI
5059,01k2
5060,01MW
5061,02en
5062,01HR
5063,02De
5064,01cY
5065,02bP
5066,01nb
5067,01o8
5068,018m
5069,019U
5070,026h
5071,02V6
5072,01mE
5073,02Kv
5074,014g
5075,02t8
5076,01Gn
5077,01iS
5078,01Oj
5079,02we
5080,02hg
5081,01aX
5082,01tQ
5083,031l
5084,02Ax
5085,01Q6
5086,02bh
5087,01oB
5088,02PL
5089,028A
5090,02zx
5091,02mK
5092,01ig
5093,02dZ
5094,01Aw
5095,01jp
5096,021Q
5097,02S8
5098,01Jn
5099,01SI
5100,02qm
5101,02zE
5102,02Np
5103,02wc
5104,01Hv
5105,01l9
5106,02el
5107,01Su
5108,02gC
5109,02RZ
5110,02jh
5111,01OV
5112,01uK
5113,02AF
5114,016a
5115,01ec
5116,02bu
5117,01dJ
5118,02Oy
5119,01YI
5120,02Gm
5121,01oy
5122,02JM
5123,02O4
5124,02ho
5125,01JY
5126,027K
5127,01Dt
5128,02gh
5129,01Lq
5130,01fY
5131,02BW
5132,02Gt
5133,01jL
5134,02Rv
5135,021z
5136,02Bi
5137,02Vr
5138,01EL
5139,01ik
5140,02HM
5141,02Go
5142,01aS
5143,021d
5144,01WJ
5145,027M
5146,01Vu
5147,01DZ
5148,02gJ
5149,01xu
5150,02Vv
5151,01lP
5152,02p9
5153,02zm
5154,01q4
5155,01bZ
5156,017n
5157,02Qm
5158,01VX
5159,02YC
5160,02ge
5161,02Y8
5162,02FC
5163,032M
5164,01WG
5165,01nU
5166,01u4
5167,02Zn
5168,01nF
5169,01Tn
5170,02l8
5171,01Ka
5172,02VX
5173,02il
5174,01fj
5175,01D2
5176,021E
5177,031u
5178,01Cy
5179,031W
5180,01W8
5181,02CF
5182,02RY
5183,015M
5184,01gO
5185,01D4
5186,01UY
5187,02LH
5188,01Tb
5189,025d
5190,014N
5191,01E8
5192,01Qq
5193,029i
5194,02qB
5195,02hk
5196,013d
5197,02zv
5198,015w
5199,01Yj
5200,01i6
5201,014e
5202,012c
5203,02mv
5204,012K
5205,031c
5206,02nr
5207,02RF
5208,01Jr
5209,02s1
5210,02CS
5211,02oG
5212,02iI
5213,02kR
5214,01qV
5215,02aY
5216,01Mr
5217,02yw
5218,02FD
5219,01Pf
5220,021N
5221,01AV
5222,01xJ
5223,02LS
5224,01UE
5225,01yg
5226,01cg
5227,02rB
5228,02TC
5229,01aZ
5230,02a4
5231,02f8
5232,028g
5233,02Ag
5234,02FE
5235,02IB
5236,01Ce
5237,02UQ
5238,02WI
5239,02cb
5240,02Nm
5241,02Fa
5242,0318
5243,02GT
5244,02xB
5245,02KP
5246,02hC
5247,01it
5248,02ib
5249,02XP
5250,01wV
5251,01Im
5252,02gW
5253,02a9
5254,02Tn
5255,01pk
5256,01cu
5257,01nA
5258,01aV
5259,031h
5260,032H
5261,01aB
5262,032Z
5263,01yP
5264,02nX
5265,01Ru
5266,01HN
5267,025S
5268,02vL
5269,01hX
5270,01o7
5271,02vD
5272,01Mv
5273,02aH
5274,01ot
5275,0174
5276,02pH
5277,02Ls
5278,024J
5279,01zm
5280,01J3
5281,01ep
5282,02wA
5283,01ld
5284,02WM
5285,01NV
5286,01DT
5287,01Cd
5288,01Nz
5289,01yj
5290,01Ya
5291,01zb
5292,01gi
5293,02OK
5294,01iO
5295,016x
5296,01xl
5297,01J5
5298,02gO
5299,01u2
5300,02Hi
5301,02lJ
5302,021T
5303,01mB
5304,02Gb
5305,02ZB
5306,01UN
5307,015S
5308,01Em
5309,01dL
5310,01Bv
5311,02pJ
5312,015W
5313,02sx
5314,01au
5315,01r9
5316,02AG
5317,01gd
5318,016r
5319,02FU
5320,02Xk
5321,029s
5322,01fZ
5323,029W
5324,02oM
5325,02Jj
5326,01wJ
5327,024s
5328,02kf
5329,023k
5330,02iv
5331,01hL
5332,01Gj
5333,01Va
5334,02yF
5335,02fk
5336,01TK
5337,01BM
5338,02n7
5339,02kj
5340,015m
5341,01YQ
5342,017m
5343,02nc
5344,01gh
5345,032r
5346,01dp
5347,02iR
5348,02f5
5349,02iy
5350,01MT
5351,02PR
5352,027n
5353,01T7
5354,02Ea
5355,01Tw
5356,01Ik
5357,01HE
5358,02i7
5359,01Vb
5360,01hN
5361,02BD
5362,01ru
5363,02bz
5364,01PH
5365,01If
5366,01qY
5367,028E
5368,01Jx
5369,02hx
5370,02kh
5371,02fU
5372,02hj
5373,02lE
5374,01GF
5375,02wC
5376,02co
5377,02CV
5378,02LG
5379,02nz
5380,01aA
5381,017g
5382,01IH
5383,02tT
5384,01BR
5385,01km
5386,01wi
5387,028P
5388,01qr
5389,02PB
5390,01Z8
5391,02ur
5392,02eq
5393,01PT
5394,02JQ
5395,02cs
5396,02SX
5397,01n5
5398,02sQ
5399,02Fh
5400,024O
5401,01EB
5402,01Kv
5403,02D4
5404,02jS
5405,01bs
5406,01kK
5407,02NW
5408,02aM
5409,014o
5410,01OY
5411,025A
5412,01AF
5413,01hx
5414,02zR
5415,02wQ
5416,02Ij
5417,01qC
5418,01ca
5419,01NF
5420,01Rh
5421,01du
5422,01ZB
5423,01kp
5424,01OW
5425,01uY
5426,02mC
5427,02Mb
5428,01yo
5429,01zH
5430,02oQ
5431,01nB
5432,02BY
5433,01Ae
5434,02ps
5435,01Ll
5436,02lm
5437,01EV
5438,01Te
5439,01n4
5440,018i
5441,02nC
5442,018g
5443,02Mq
5444,02ik
5445,01ts
5446,01C3
5447,01vA
5448,02bw
5449,02Qd
5450,02zn
5451,02M5
5452,01Am
5453,01QA
5454,02vp
5455,016E
5456,02DR
5457,02cO
5458,02si
5459,028f
5460,01gW
5461,01U7
5462,02ah
5463,02fX
5464,02SP
5465,01gX
5466,019h
5467,02J9
5468,01x7
5469,02wp
5470,01gE
5471,029B
5472,029U
5473,02XJ
5474,02SB
5475,02Kn
5476,01Ek
5477,01q7
5478,027V
5479,02y4
5480,01Ee
5481,02lA
5482,02Z9
5483,01mZ
5484,032W
5485,0341
5486,01Kt
5487,02Ry
5488,02ro
5489,01jG
5490,01sw
5491,024e
5492,01WS
5493,01Or
5494,02Mm
5495,02LJ
5496,02uL
5497,01CG
5498,02sC
5499,01eV
5500,01Fc
5501,01AM
5502,02xu
5503,02UV
5504,013D
5505,0218
5506,02Kd
5507,02pW
5508,02BQ
5509,02WT
5510,01A8
5511,01OR
5512,02Ha
5513,02ft
5514,025E
5515,02UF
5516,01rB
5517,02on
5518,01JM
5519,01Dh
5520,02a8
5521,01qz
5522,016G
5523,02iJ
5524,0234
5525,01Uo
5526,02an
5527,02av
5528,01FD
5529,01vR
5530,02gz
5531,014R
5532,02mF
5533,01ef
5534,02vQ
5535,02cJ
5536,01MX
5537,02SZ
5538,01Vi
5539,02lN
5540,02hn
5541,01tu
5542,01hY
5543,01UP
5544,026H
5545,02Mj
5546,01sZ
5547,02J8
5548,01aw
5549,01MO
5550,01va
5551,01Ba
5552,01n8
5553,02OE
5554,01Eq
5555,01Rv
5556,01Oa
5557,01lD
5558,02q3
5559,01Kc
5560,02a7
5561,031V
5562,01wN
5563,01wE
5564,01El
5565,02O9
5566,01WZ
5567,01Jv
5568,02fM
5569,02qE
5570,01Hd
5571,02IX
5572,02U8
5573,02sY
5574,01fH
5575,01PO
5576,018Q
5577,029g
5578,02IA
5579,02Zl
5580,023n
5581,01Bd
5582,02nR
5583,02qP
5584,0325
5585,02m7
5586,01ab
5587,01mO
5588,02ys
5589,01yx
5590,01gn
5591,02e3
5592,02dC
5593,01Iz
5594,01vq
5595,01Vm
5596,01Lh
5597,01wT
5598,02UO
5599,02L7
5600,01Zy
5601,01bA
5602,01Fw
5603,01Cb
5604,02XT
5605,01Zq
5606,02NE
5607,02P8
5608,025w
5609,01MJ
5610,01p7
5611,01V6
5612,02Ly
5613,01uz
5614,02yR
5615,012Y
5616,02BO
5617,017S
5618,01qv
5619,01Ts
5620,01Zr
5621,01sr
5622,014z
5623,01o2
5624,01vL
5625,01Ef
5626,032g
5627,01wo
5628,02TF
5629,01oX
5630,01xD
5631,01q8
5632,01j3
5633,019D
5634,02yO
5635,026M
5636,026L
5637,012J
5638,01X3
5639,01fM
5640,02sz
5641,01ib
5642,02Bu
5643,02df
5644,02XW
5645,01nf
5646,01KI
5647,01yv
5648,0314
5649,02ky
5650,029Y
5651,01cG
5652,02m4
5653,01C2
5654,01wx
5655,01V7
5656,01PD
5657,02V4
5658,01Sm
5659,02cP
5660,01Gp
5661,01bR
5662,01F2
5663,01Ax
5664,02kK
5665,02rf
5666,02Fk
5667,02pD
5668,021b
5669,029L
5670,01ed
5671,01ip
5672,01RQ
5673,02iz
5674,02Ot
5675,02x7
5676,01Bi
5677,02iU
5678,01V2
5679,032Q
5680,01YG
5681,01Sw
5682,02Kf
5683,01S2
5684,02ZD
5685,01Hh
5686,02wx
5687,02nl
5688,028X
5689,01hn
5690,02vl
5691,01BF
5692,01Yw
5693,0261
5694,01vY
5695,028x
5696,01vj
5697,01ro
5698,02NV
5699,02cu
5700,02Yr
5701,01sz
5702,02vJ
5703,01Ij
5704,02Fp
5705,02Vm
5706,02nH
5707,02hc
5708,01DN
5709,01uP
5710,01sE
5711,01l5
5712,01FY
5713,013T
5714,01hI
5715,02Me
5716,02TG
5717,02w3
5718,02BV
5719,02Wm
5720,021h
5721,02Gc
5722,01KB
5723,01SP
5724,015b
5725,01O6
5726,01dj
5727,01zM
5728,015H
5729,02fD
5730,028H
5731,02Ei
5732,02Av
5733,01AE
5734,01tA
5735,01Hb
5736,02ST
5737,01gz
5738,02bk
5739,016C
5740,02mx
5741,01zW
5742,01XD
5743,02MB
5744,02mb
5745,017G
5746,02H4
5747,01LH
5748,01uD
5749,0129
5750,015r
5751,01Oh
5752,01om
5753,027B
5754,025U
5755,01KP
5756,01zd
5757,016b
5758,01y7
5759,02cA
5760,01C5
5761,02zL
5762,01QF
5763,02aA
5764,012P
5765,01GT
5766,02oP
5767,01eB
5768,0246
5769,025a
5770,027z
5771,01yb
5772,02fK
5773,01Ii
5774,01tp
5775,02Aw
5776,01BP
5777,01JE
5778,01Bn
5779,01Xs
5780,032a
5781,02XG
5782,02Fj
5783,01CN
5784,02Ar
5785,02UD
5786,02ki
5787,02SY
5788,01aH
5789,023X
5790,026v
5791,015e
5792,02Hx
5793,032A
5794,02ds
5795,01d4
5796,026f
5797,02ul
5798,02lK
5799,01eZ
5800,02tn
5801,024c
5802,02bm
5803,01h4
5804,015i
5805,026l
5806,01H7
5807,01Zg
5808,01b5
5809,029Z
5810,02JH
5811,01Rz
5812,0165
5813,02Ir
5814,02ba
5815,01k3
5816,01rU
5817,02wj
5818,02DO
5819,02zG
5820,01kP
5821,01Cl
5822,02Br
5823,01hq
5824,02Nv
5825,02M1
5826,01ks
5827,01Qv
5828,02qR
5829,01LB
5830,01Q5
5831,028v
5832,02U9
5833,02sj
5834,02e5
5835,02K3
5836,01Pb
5837,02Mt
5838,02zX
5839,02oc
5840,02Kx
5841,01yH
5842,02Qu
5843,02yU
5844,02Mc
5845,02gN
5846,02mo
5847,02kT
5848,01RI
5849,02Bc
5850,018U
5851,01hJ
5852,01k6
5853,01IC
5854,02mO
5855,028q
5856,02RL
5857,02Tm
5858,013k
5859,01rq
5860,01My
5861,01po
5862,02rP
5863,02es
5864,01EN
5865,02Kh
5866,02h3
5867,01VA
5868,02xr
5869,02om
5870,02Jd
5871,02Jg
5872,0145
5873,0135
5874,02mJ
5875,01ox
5876,02da
5877,01b7
5878,01wt
5879,01l8
5880,025q
5881,01cI
5882,01RP
5883,02JL
5884,01pv
5885,02Bw
5886,02zh
5887,02Bh
5888,02FZ
5889,024E
5890,01OD
5891,01Lw
5892,01Mz
5893,01SY
5894,029u
5895,02tL
5896,01um
5897,027S
5898,01un
5899,02DH
5900,017a
5901,02s4
5902,02xD
5903,02iL
5904,02Sw
5905,01fV
5906,02Po
5907,01IS
5908,02oL
5909,02g3
5910,01oa
5911,01pI
5912,01By
5913,02qg
5914,01Wk
5915,01yF
5916,031O
5917,019l
5918,02Xf
5919,01LM
5920,016T
5921,02mQ
5922,02uK
5923,02zw
5924,01Nc
5925,01T4
5926,018Z
5927,02io
5928,01dP
5929,02JG
5930,02su
5931,0164
5932,02C7
5933,01V3
5934,0154
5935,02GZ
5936,01R6
5937,0326
5938,01sk
5939,02Zs
5940,02Gl
5941,02ly
5942,01bi
5943,02LY
5944,0286
5945,02Db
5946,01Bj
5947,02tP
5948,01c9
5949,02qt
5950,01Bs
5951,02kz
5952,01HA
5953,02SO
5954,032i
5955,01IO
5956,013F
5957,02qk
5958,01Lt
5959,02mU
5960,031N
5961,01oF
5962,02Aj
5963,01U9
5964,02wf
5965,01Wa
5966,01el
5967,01Ut
5968,01MA
5969,025s
5970,01cZ
5971,025h
5972,02MP
5973,02ir
5974,02ap
5975,01uG
5976,02Ne
5977,02jW
5978,02hM
5979,02h9
5980,01ws
5981,01L6
5982,02mP
5983,02eJ
5984,02Sc
5985,02gU
5986,02EP
5987,01vz
5988,01PX
5989,01FN
5990,01iy
5991,02WX
5992,02VQ
5993,01iF
5994,01As
5995,02Jn
5996,02oz
5997,01QE
5998,01yc
5999,02Fr
